user_id,show_id,rating,title
1,5724,1.8,"Dana Carvey: Straight White Male, 60"
1,4004,2.6,Edoardo Ferrario: Temi Caldi
1,4861,3.3,Lupin the 3rd: The Castle of Cagliostro: Special Edition
1,2079,3.0,The Smurfs
1,320,4.4,Top Secret UFO Projects: Declassified
1,6528,1.2,Conor McGregor: Notorious
1,2373,4.4,Saladin
1,4866,4.9,Carlos Ballarta: Furia Ñera
1,4252,3.8,A Twelve Year Night
1,5901,4.6,Tig
1,8220,3.9,The Box
1,6940,1.8,Have You Seen the Listers?
1,7755,3.0,Popeye
1,2574,3.5,The Universe: Ancient Mysteries Solved
1,6293,2.1,Beyond the Clouds
1,699,3.5,Katla
1,5546,2.6,Five Nights in Maine
1,67,3.0,Saved by the Bell
1,4010,3.6,Jeff Dunham's Very Special Christmas Special
1,6500,2.9,Closed Circuit
2,6296,4.5,Bhagam Bhag
2,4621,2.2,Made in Mexico
2,7317,5.0,Little Singham aur Kaal ka Mahajaal
2,1637,3.6,Don’t Listen
2,1347,4.0,Black Beach
2,7334,3.0,Long Time Running
2,3730,3.9,The Wolf's Call
2,933,4.1,Hachi: A Dog's Tale
2,3406,2.2,Spirit Riding Free: Pony Tales
2,376,4.1,Transformers: War for Cybertron: Kingdom
2,4778,3.9,Drug Lords
2,2805,2.9,XV: Beyond the Tryline
2,5398,4.9,Liar's Dice
2,6608,4.5,Diary of a Chambermaid
2,5479,2.2,The Keepers
2,4582,3.8,Luv Shuv Tey Chicken Khurana
2,7599,2.5,NOVA: Bird Brain
2,4705,5.0,The Guernsey Literary and Potato Peel Pie Society
2,8550,3.8,The Walls of the Moon
2,5169,2.6,The Irregular at Magic High School
3,3690,3.9,Designated Survivor: 60 Days
3,4297,3.9,Kita Kita
3,4016,3.6,Turn Up Charlie
3,4492,2.3,Gnome Alone
3,1734,2.9,Midnight at the Magnolia
3,4438,2.9,Ghanchakkar
3,7418,2.2,Mary Portas: Secret Shopper
3,2531,5.0,Dilan 1990
3,7434,5.0,Meet the Trumps: From Immigrant to President
3,3983,2.3,ReMastered: The Miami Showband Massacre
3,2458,2.1,Kenny Sebastian: The Most Interesting Person in the Room
3,7433,4.4,Medium
3,6869,3.9,Goldstone
3,4147,3.8,Hantu Kak Limah
3,2278,2.7,Mary Kom
3,185,2.0,Untold: Crime & Penalties
3,3270,3.8,Inheritors
3,7274,2.4,Leap Year
3,3852,3.9,Abyss
3,2571,5.0,Mike Birbiglia: My Girlfriend's Boyfriend
4,2995,4.1,Airplane Mode
4,8336,2.0,The Guild
4,7790,5.0,Prelude to War
4,6141,4.3,American Hangman
4,8196,2.8,The Art of War
4,2938,2.1,Fifty: The Series
4,6355,3.8,Bombshell: The Hedy Lamarr Story
4,944,3.9,S.M.A.R.T Chase
4,1489,3.6,Regiment Diaries
4,7697,4.2,Painted Faces
4,2986,3.7,Sillu Karuppatti
4,7836,2.0,Reaction
4,3192,2.4,Eastsiders
4,1473,1.8,Chilling Adventures of Sabrina
4,2054,2.6,Chef's Table: BBQ
4,7640,3.7,OCTB
4,5322,2.6,Undefeated
4,3534,3.6,The Spy
4,3314,1.0,100 Things to do Before High School
4,7585,3.7,Nightcrawler
5,4944,3.9,Fary Is the New Black
5,8686,1.4,Waar
5,5686,3.4,The Cuba Libre Story
5,7893,4.0,Roots
5,5278,2.8,Apaches
5,6497,1.8,Click
5,4171,2.2,The Perfect Match
5,4280,2.5,Imperfect
5,2236,4.8,Little Singham: Legend of Dugabakka
5,3034,1.8,Giri / Haji
5,577,3.4,Masameer County
5,5956,4.1,Just Another Love Story
5,3656,3.0,Rookie Historian Goo Hae-Ryung
5,6580,5.0,Dear Dad
5,6745,3.0,Feel Rich
5,1679,5.0,Singham
5,4192,3.6,Revenger
5,7864,4.2,Revolting Rhymes
5,4154,3.5,High Society
5,2315,2.6,The F**k-It List
6,8629,1.0,Trimurti
6,7322,2.3,Lizzie Borden Took an Ax
6,1746,4.2,Can You Hear Me?
6,5168,2.1,Shot in the Dark
6,312,4.4,Cooking With Paris
6,4159,1.7,Rudy Habibie
6,8218,3.2,The Boss's Daughter
6,8702,4.8,Waterschool
6,5734,3.5,Santa Pac's Merry Berry Day
6,7433,2.2,Medium
6,5696,3.9,1000 Rupee Note
6,7615,2.7,NOVA: Secrets of the Shining Knight
6,6582,2.7,Dear Santa
6,4405,2.5,Super Drags
6,4787,2.4,Joan Rivers: Don't Start with Me
6,928,2.0,Best of the Best
6,8062,4.5,Space Racers
6,6175,3.7,Antidote
6,8679,1.5,ViR: The Robot Boy
6,8175,4.4,The 2000s
7,812,2.8,Swordfish
7,5418,2.7,Nobody Speak: Trials of the Free Press
7,6729,3.2,F the Prom
7,655,5.0,#Selfie 69
7,4530,5.0,Empire Games
7,7581,2.2,Next
7,2882,5.0,The Arbitration
7,6414,1.9,Can't Hardly Wait
7,5054,2.3,Under Arrest
7,8159,1.8,Teenage Mutant Ninja Turtles II: The Secret of the Ooze
7,1087,5.0,Roohi
7,8297,2.8,The Figurine (Araromire)
7,5678,2.9,Ricardo O'Farrill: Abrazo navideño
7,8509,2.5,The Sinking Of Van Der Wijck
7,8274,1.1,The Detained
7,2482,1.4,Bye Bye London
7,3361,2.9,Tunnel
7,4234,2.4,Gina Yashere: Laughing to America
7,232,2.1,Wheel of Fortune
7,5033,4.7,FullMetal Alchemist
8,1042,4.4,Garth Brooks: The Road I’m On
8,6460,4.2,Chewing Gum
8,948,3.8,Swiped
8,4627,5.0,Battlefish
8,2684,3.6,The Innocence Files
8,6233,1.7,Barbecue
8,3803,2.3,A Tale of Two Kitchens
8,8803,3.2,Zombie Dumb
8,2459,3.1,Space Force
8,3597,2.8,Knightfall
8,6459,3.4,Chewin' the Fat
8,3690,3.4,Designated Survivor: 60 Days
8,5607,1.8,Katherine Ryan: In Trouble
8,8733,1.3,White Island
8,4979,2.6,Take Your Pills
8,3482,3.3,Deliha 2
8,6884,4.1,Gosford Park
8,1658,3.7,Valentino
8,1049,3.0,Ricky Zoom
8,2130,3.2,Nigerian Prince
9,492,2.6,Midnight Sun
9,8147,2.3,Taken
9,7151,3.6,Jupiter Ascending
9,3919,3.7,Thriller
9,8286,3.9,The Eichmann Show
9,4037,4.7,Nappily Ever After
9,83,5.0,Metal Shop Masters
9,3466,4.2,Girls Hostel
9,2141,3.8,Gunjan Saxena: The Kargil Girl
9,6770,2.1,Flowering Heart
9,2041,2.2,"Waiting for ""Superman"""
9,3371,3.9,Consequences
9,623,3.1,Mommy Issues
9,6003,5.0,24 Hours to Live
9,6603,2.2,Dexter
9,2914,1.0,Isi & Ossi
9,8509,1.0,The Sinking Of Van Der Wijck
9,5578,2.4,Buddy Thunderstruck
9,1585,3.3,Manhunt: Deadly Games
9,2665,5.0,The King: Eternal Monarch
10,7945,3.1,Saturday Church
10,6635,2.4,Doomsday Preppers
10,8008,5.0,Shorgul
10,93,3.4,JJ+E
10,6137,2.3,American Crime
10,2863,3.0,There Will Be Blood
10,4988,4.5,Children of the Whales
10,1744,2.5,The Beginning of Life
10,4128,2.2,"Ray Romano: Right Here, Around the Corner"
10,6444,1.6,Chaotic Love Poems
10,4186,4.3,"Abdullah, The Final Witness"
10,6897,3.5,Green White Green (And All the Beautiful Colours in My Mosaic of Madness)
10,2326,2.2,Thackeray (Marathi)
10,7262,3.6,Lady in the Water
10,5468,4.9,Sarah Silverman A Speck of Dust
10,2078,3.9,The Promised Neverland
10,8258,2.0,The Croods
10,7365,1.8,Mac & Devin Go to High School
10,572,2.0,Hampstead
10,3770,3.9,Tales of the City
11,143,2.0,Green Lantern
11,254,2.8,Go! Go! Cory Carson
11,2864,4.0,Velvet Colección: Grand Finale
11,7948,5.0,Save Our Shelter
11,7892,4.0,Roonpi Secret Love
11,8800,2.5,Zindagi Gulzar Hai
11,2218,3.3,Norsemen
11,6865,2.9,Golden Time
11,1090,3.3,Story of Kale: When Someone's in Love
11,280,2.4,Bake Squad
11,5472,2.4,Raees
11,7364,4.7,Maacher Jhol
11,4498,2.1,Project S The Series
11,391,4.3,Wynonna Earp
11,497,4.4,Cat People
11,4505,4.0,"Ron White: If You Quit Listening, I'll Shut Up"
11,850,3.2,99 Songs
11,2157,1.2,Wizards: Tales of Arcadia
11,4163,5.0,Z Nation
11,938,5.0,Motu Patlu in the Game of Zones
12,1107,3.8,God Calling
12,3702,5.0,Dope
12,453,4.0,BEASTARS
12,4656,3.0,Next Gen
12,5969,2.9,​Maj Rati ​​Keteki
12,3558,3.5,Million Pound Menu
12,5788,5.0,"Mariusz Kałamaga, Karol Kopiec, Wiolka Walaszczyk Hilarious Trio"
12,5518,4.2,Vir Das: Abroad Understanding
12,5103,2.7,La Mante
12,3382,4.7,Daybreak
12,1387,5.0,The Next Three Days
12,6941,4.6,Haven
12,1368,3.8,Below Zero
12,7741,3.1,Pierre Jackson
12,3287,2.7,Maradona in Mexico
12,5244,3.4,Star Trek: Enterprise
12,6758,3.7,First Impression
12,4966,4.3,Trailer Park Boys: The Movie
12,4444,3.1,Jatts in Golmaal
12,1287,1.4,Fate: The Winx Saga - The Afterparty
13,2488,3.7,Raya and Sakina
13,7845,4.8,Red Oleanders Raktokarobi
13,5592,3.0,The Sound of Your Heart
13,8601,2.5,Tokyo Idols
13,912,2.4,The Circle - The Afterparty
13,1095,3.5,This Is a Robbery: The World's Biggest Art Heist
13,6221,2.6,Balto 2: Wolf Quest
13,7648,4.0,Oliver Stone's Untold History of the United States
13,6193,3.6,ATM
13,1159,4.2,Black Is Beltza
13,7027,3.8,Hunter's Prayer
13,589,3.9,Red Joan
13,4450,3.7,Marc Maron: Thinky Pain
13,8797,1.1,Zak Storm
13,273,2.5,Gone for Good
13,4236,4.4,Mexicanos de Bronce
13,8478,1.6,The Rebound
13,4156,5.0,Alt-Right: Age of Rage
13,4191,3.9,Pari
13,3194,3.0,Iron Fists and Kung-Fu Kicks
14,1696,3.2,Polly Pocket
14,6070,4.0,Aşk Tesadüfleri Sever
14,3247,2.5,Trolls: The Beat Goes On!
14,418,1.0,Chhota Bheem Ka Roosi Romanch
14,7599,1.8,NOVA: Bird Brain
14,5069,4.5,The Shannara Chronicles
14,5868,2.7,Hannibal Buress: Comedy Camisado
14,5108,2.2,Todd Barry: Spicy Honey
14,8186,4.1,The Age of Shadows
14,2519,3.5,Avatar: The Last Airbender
14,4756,3.2,Iliza Shlesinger: Elder Millennial
14,5111,1.7,Myths & Monsters
14,291,2.4,SHAMAN KING
14,814,3.7,The Four Seasons
14,708,2.5,Lowriders
14,2184,3.5,Get Even
14,4174,1.3,Innocent
14,7174,1.4,Kay Dyache Bola
14,8189,3.7,The Andy Griffith Show
14,7850,1.1,Reggie Yates Outside Man
15,4795,4.9,I Am Kalam
15,4650,1.9,Show Me the Money
15,3592,3.4,Happy Jail
15,2444,2.8,Cardcaptor Sakura
15,3855,3.1,The Writer
15,3745,4.2,Awake: The Million Dollar Game
15,6363,5.0,Born to Be Free
15,8445,1.0,The Other Guys
15,3653,3.3,Comedians in Cars Getting Coffee
15,364,1.0,Centaurworld
15,7874,3.4,Road to Sangam
15,7925,5.0,Samantaral
15,2474,5.0,One Day We'll Talk About Today
15,3818,4.8,Good Sam
15,493,3.7,RESIDENT EVIL: Infinite Darkness
15,6182,2.8,"Aram, Aram"
15,413,2.4,Chhota Bheem and The ShiNobi Secret
15,3017,5.0,Jezebel
15,5219,1.5,Seven and Me
15,8574,1.6,ThirTEEN Terrors
16,285,1.7,The Railway Man
16,3062,3.3,Jimmy Neutron: Boy Genius
16,7232,1.7,Krish Trish and Baltiboy: Part II
16,5440,3.5,Shimmer Lake
16,5316,5.0,Buster's Mal Heart
16,6018,4.8,50 First Dates
16,2002,2.5,Taco Chronicles
16,6875,2.3,Good Kill
16,2307,3.0,Abby Hatcher
16,1382,5.0,She Is
16,6238,2.4,Barbie Star Light Adventure
16,8343,3.7,The Heroes of Evil
16,2466,1.8,Mako Mermaids: An H2O Adventure
16,7505,2.5,Monty Don's Italian Gardens
16,1623,1.3,The Bachelorette
16,6909,1.9,Hairspray
16,586,1.4,Pet Sematary 2
16,181,1.9,Turning Point: 9/11 and the War on Terror
16,8255,3.8,The Consul's Son
16,2277,1.9,Madras Café
17,1233,3.2,Fate of Alakada
17,2435,2.8,Life's Speed Bump
17,6736,3.0,Familiye
17,7458,3.9,Minnaminugu the FireFly
17,1998,4.0,Call the Midwife
17,6726,3.9,Eyyvah Eyyvah 2
17,586,1.2,Pet Sematary 2
17,3193,2.8,High End Yaariyan
17,7919,3.4,Saeed Mirza: The Leftist Sufi
17,5361,3.7,The Blind Christ
17,5979,3.4,1 Chance 2 Dance
17,1064,1.8,Signal
17,6852,1.0,Gie
17,4789,5.0,King of Peking
17,4512,4.4,Errementari: The Blacksmith and the Devil
17,8424,4.3,The Ministry of Time
17,4751,1.0,Extinction
17,3175,1.7,The Confession Killer
17,6050,3.3,A Noble Intention
17,2184,1.7,Get Even
18,7209,2.1,Kingdoms of the Sky
18,5473,3.4,War Machine
18,8051,4.5,Solo: A Star Wars Story
18,2917,4.3,Taj Mahal 1989
18,1445,1.9,Asphalt Burning
18,6022,3.6,6-5=2
18,8128,3.0,Superman Returns
18,5934,4.7,Mitt
18,2641,1.8,DreamWorks Spooky Stories: Volume 2
18,1955,4.4,The School Nurse Files
18,8555,1.0,The Wedding Curse
18,7934,3.5,Santa's Apprentice
18,7760,2.7,Power Battle Watch Car
18,692,2.7,The Rational Life
18,3066,5.0,Mia and Me
18,805,4.9,Racket Boys
18,8353,1.3,The Hunt
18,5911,4.1,Jen Kirkman: I'm Gonna Die Alone (And I Feel Fine)
18,3304,3.0,Sam & Cat
18,2439,3.9,The Student Cop
19,8521,2.1,The Sunshine Makers
19,5096,1.0,Fullmetal Alchemist: Brotherhood
19,6698,2.6,Enemy
19,5401,1.6,Spice Up
19,6225,3.7,Band Aid
19,8138,3.0,Sweeney Todd: The Demon Barber of Fleet Street
19,7326,2.1,"Lock, Stock and Two Smoking Barrels"
19,1573,3.9,The Expanding Universe of Ashley Garcia
19,7104,1.5,It's Fine
19,5016,2.9,Trailer Park Boys Live at the North Pole
19,8580,2.3,Thor: Ragnarok
19,5499,4.9,Chaahat
19,1723,3.6,Bakugan: Armored Alliance
19,1176,4.5,Any Crybabies Around?
19,2351,3.3,Elevator Baby
19,5443,3.6,1898: Our Last Men in the Philippines
19,5132,2.2,The Secret
19,163,4.6,My Boss's Daughter
19,2445,1.0,Chippa
19,5293,2.9,Berserk: The Golden Age Arc III - The Advent
20,2076,3.7,The Boss Baby: Get That Baby!
20,6643,3.7,Dragonheart: A New Beginning
20,1844,5.0,A Babysitter's Guide to Monster Hunting
20,5165,1.3,Longmire
20,2307,4.4,Abby Hatcher
20,5917,4.0,Ralphie May: Unruly
20,2938,2.7,Fifty: The Series
20,8454,2.4,The Pink Panther
20,6684,4.6,Elles étaient en guerre 1939-1945
20,5982,3.8,100 Days Of Solitude
20,1392,3.0,Daughter From Another Mother
20,189,4.6,Bread Barbershop
20,3359,3.9,Mehandi Circus
20,4525,4.9,Mo Amer: The Vagabond
20,4478,5.0,DreamWorks Spooky Stories
20,3119,3.2,Twice Upon A Time
20,7887,1.6,Rolling Papers
20,6392,5.0,Burning
20,6022,4.2,6-5=2
20,2774,3.8,7SEEDS
21,143,2.6,Green Lantern
21,582,4.8,Mother's Day
21,5718,2.9,Mumbai Cha Raja
21,4664,3.5,Age of Rebellion
21,8800,3.5,Zindagi Gulzar Hai
21,5603,2.1,Spark
21,5379,4.7,Tom Segura: Completely Normal
21,3220,2.3,Lugar de Mulher
21,8336,4.4,The Guild
21,1862,5.0,Disco Dancer
21,5778,3.8,Umrika
21,3758,2.3,Jo Koy: Comin' In Hot
21,1540,5.0,Nocturnal Animals
21,2241,2.4,The Business of Drugs
21,2254,2.2,The Protector
21,2696,2.1,The Trial
21,7376,2.6,Magi: Adventure of Sinbad
21,850,3.7,99 Songs
21,1140,2.3,Universal Soldier: The Return
21,1011,1.0,Free to Play
22,5726,4.8,A Grand Night In: The Story of Aardman
22,78,1.0,Tughlaq Durbar
22,2425,1.0,The Light of My Eyes
22,497,3.0,Cat People
22,243,4.1,Everything Will Be Fine
22,6577,2.4,Deadline: Sirf 24 Ghante
22,5408,1.7,Yaar Gaddar
22,8285,3.6,The Dukes of Hazzard: The Beginning
22,2481,2.6,#FriendButMarried
22,4527,4.9,Sofia the First
22,1063,4.6,Living with Yourself
22,6609,5.0,Die Another Day
22,7124,1.7,Jeremy Scott: The People's Designer
22,5250,4.8,What She Put on the Table
22,2984,1.9,Omniscient
22,4407,2.6,Treehouse Detectives
22,2902,2.2,DreamWorks Shrek's Swamp Stories
22,6835,4.4,Genius of the Modern World
22,7601,3.9,NOVA: Building Chernobyl's MegaTomb
22,5751,3.2,DEATH NOTE
23,2572,2.7,Roped
23,4518,3.7,The Haunting of Hill House
23,7967,2.0,Secret
23,1249,4.3,Blanche Gardin: The All-Nighter
23,7189,2.2,Khushi
23,509,4.2,Ask the StoryBots
23,1588,5.0,Mighty Express: A Mighty Christmas
23,3249,4.2,Bangkok Buddies
23,3357,2.3,Sleepless Society: Bedtime Wishes
23,5504,3.9,Kiss & Cry
23,539,4.6,The New Legends of Monkey
23,6047,3.6,A Murder in the Park
23,893,2.0,Wave of Cinema: Filosofi Kopi
23,2294,4.5,Desperados
23,5908,2.4,Danger Mouse: Classic Collection
23,385,2.0,How to Sell Drugs Online (Fast)
23,4270,2.7,LAST HOPE
23,3739,5.0,Luckee
23,3598,2.0,DC Super Hero Girls
23,7514,5.0,Mountain
24,593,2.8,Snow Day
24,3157,2.0,Jack Whitehall: Christmas with My Father
24,6143,1.8,American History X
24,3556,2.1,Kardec
24,3906,5.0,Franco Escamilla: Bienvenido al mundo
24,5696,4.4,1000 Rupee Note
24,393,4.0,A Second Chance:  Rivals!
24,5077,2.7,Godzilla
24,4720,1.9,Chillar Party
24,1462,3.4,Running Man
24,7920,1.5,Safety Not Guaranteed
24,5471,3.6,Joshua: Teenager vs. Superpower
24,2721,1.2,Duniya
24,8710,3.9,Weeds
24,2968,2.4,The Car: Road to Revenge
24,6174,1.7,Anthony Bourdain: Parts Unknown
24,5663,4.0,Sister Cities
24,7378,1.3,Magnetic
24,72,3.2,Jack Whitehall: Travels with My Father
24,5454,1.0,Love.com
25,8578,2.5,Thithi
25,5571,4.5,Asoka
25,1504,1.0,QLIMAX THE SOURCE
25,4770,3.2,Going for Gold
25,2107,5.0,The Sleepover
25,308,3.8,American Masters: Inventing David Geffen
25,1886,3.9,David Attenborough: A Life on Our Planet
25,2434,1.3,Let's Dance
25,5103,4.3,La Mante
25,7401,2.1,Mantra
25,2356,4.0,Feel the Beat
25,7324,2.6,Lo que la verdad esconde: El caso Asunta (Operacion Nenúfar)
25,553,1.6,Mortel
25,1465,3.7,The Haunted Hathaways
25,6111,4.1,Alice Doesn't Live Here Anymore
25,5750,3.0,Blind Date
25,7334,4.6,Long Time Running
25,2298,4.3,Southern Survival
25,367,3.6,I'm Glad I Did
25,4000,2.2,5 Flights Up
26,7593,3.2,Nobel
26,2837,2.7,Twin Murders: the Silence of the White City
26,3183,1.1,The Last O.G.
26,5033,2.3,FullMetal Alchemist
26,5585,1.7,Tong: Memories
26,3192,4.1,Eastsiders
26,693,3.8,Ali & Ratu Ratu Queens
26,3504,3.9,Fastest Car
26,6350,3.0,Bobby
26,8143,3.6,Sym-Bionic Titan
26,4155,2.8,Up Among  The Stars
26,2388,5.0,Alexa & Katie
26,378,4.1,Fantastic Fungi
26,5523,2.9,The Mr. Peabody and Sherman Show
26,1628,5.0,The Repair Shop
26,8090,1.2,Sthaniya Sambaad
26,6731,4.8,Fairy Tail
26,712,3.6,Silver Skates
26,239,5.0,Boomika (Telugu)
26,8506,3.0,The Sign of Venus
27,8635,5.0,True Grit
27,6019,4.2,50/50
27,4912,4.6,The Week Of
27,5414,1.2,Little Witch Academia
27,3330,5.0,Billy on the Street
27,3321,5.0,LEGENDS OF THE HIDDEN TEMPLE
27,4944,2.2,Fary Is the New Black
27,4137,2.0,Free Rein: Valentine's Day
27,3720,1.8,EVANGELION: DEATH (TRUE)²
27,4591,1.9,My Suicide
27,7636,4.6,Occupation
27,5169,1.0,The Irregular at Magic High School
27,7037,3.4,I Am Jane Doe
27,8582,2.7,Thorne: Scaredy Cat
27,8627,3.6,Trespass Against Us
27,7053,3.1,Ideachi Kalpana
27,6844,4.1,Ghayal
27,3706,4.7,La Leyenda del Diamante
27,3397,5.0,ChuChuTV Surprise Eggs Learning Videos (Hindi)
27,2847,3.5,Freaks
28,8682,2.1,Vizontele Tuuba
28,8576,4.6,This Is Not What I Expected
28,2654,4.6,The Set Up
28,4733,3.2,Rowdy Rathore
28,2688,3.6,Moms at War
28,4862,2.6,Saint Seiya: The Lost Canvas
28,8236,3.6,The Captive
28,8099,5.0,Straight Up
28,1718,5.0,Trial 4
28,4757,1.3,The Warning
28,6003,3.8,24 Hours to Live
28,7511,3.9,Mortified Nation
28,2698,2.0,Hi Score Girl
28,2936,1.1,Azali
28,4426,2.0,Barfi!
28,6332,1.5,Bleed for This
28,1018,3.8,Jaane Tu... Ya Jaane Na
28,1021,1.8,Peepli Live
28,1088,4.0,Thunder Force
28,381,3.7,The Snitch Cartel: Origins
29,6184,3.4,Arisan 2
29,96,4.4,If I Leave Here Tomorrow: A Film About Lynyrd Skynyrd
29,8242,4.4,The Charnel House
29,2794,1.3,The Letter for the King
29,982,5.0,Hayat Öpücügü
29,2038,1.6,My Octopus Teacher
29,4319,3.2,Mowgli: Legend of the Jungle
29,5207,3.1,1922
29,6991,5.0,Honey: Rise Up and Dance
29,5924,2.0,Chelsea Peretti: One of the Greats
29,8168,2.8,Terra
29,6273,4.4,"Behind ""The Cove"": The Quiet Japanese Speak Out"
29,2428,3.5,Overnight Republic
29,426,1.0,Cousins
29,1273,3.0,"Blue, Painful, Fragile"
29,3445,3.6,My Country: The New Age
29,958,3.7,Seven
29,2347,3.9,Kappela
29,177,3.6,The Guns of Navarone
29,4316,3.8,Dogs of Berlin
30,5316,4.3,Buster's Mal Heart
30,7663,3.0,One Last Thing
30,5646,2.1,Jen Kirkman: Just Keep Livin’?
30,6938,1.8,Haunters: The Art of the Scare
30,6295,3.6,Bhaage Re Mann
30,3667,1.4,3Below: Tales of Arcadia
30,7486,3.1,Monkey Up
30,6667,4.5,Eh Janam Tumhare Lekhe
30,7786,1.8,Power Rangers: Megaforce
30,5201,2.1,Joan Didion: The Center Will Not Hold
30,8575,3.7,This Is My Love
30,7165,4.3,Kajraare
30,7708,2.3,Paris Is Burning
30,4524,2.7,Tales From the Hood 2
30,6307,1.5,Big Time
30,3140,5.0,Isoken
30,6296,1.8,Bhagam Bhag
30,7735,1.0,Philadelphia
30,6103,2.7,Ahista Ahista
30,4421,1.3,Aamir
31,4865,3.3,Bill Nye Saves the World
31,4255,4.8,Life Ki Toh Lag Gayi
31,8185,1.0,The Aerial
31,7457,1.0,Mini Wolf
31,6514,5.0,Cold Case Files Classic
31,7501,4.1,Monster High: Why Do Ghouls Fall in Love?
31,4580,4.0,Kurbaan
31,3662,5.0,"Frankenstein’s Monster’s Monster, Frankenstein"
31,3959,2.1,Mercy Black
31,1149,1.6,Yu-Gi-Oh!
31,2822,5.0,Lost Girls
31,1507,4.9,Shaun the Sheep: The Farmer’s Llamas
31,707,4.2,Let's Eat
31,4918,3.7,Psychokinesis
31,8365,4.2,The Invention of Lying
31,7308,2.9,Lincoln
31,5230,2.6,Christina P: Mother Inferior
31,6952,5.0,Hedgehogs
31,6700,2.5,Entanglement
31,1007,3.1,Motu Patlu in Octupus World
32,494,1.3,Rock the Kasbah
32,4560,4.1,Bathinda Express
32,6008,2.4,3 Generations
32,3449,4.9,Creeped Out
32,8179,2.4,The Adderall Diaries
32,2802,4.5,Caliphate
32,5120,4.3,Cheuk Wan-Chi: Two Night Stand
32,3335,4.3,Fire in Paradise
32,6343,2.8,Blue Streak
32,1775,4.9,His House
32,189,4.2,Bread Barbershop
32,8044,2.1,Smash: Motorized Mayhem
32,1777,4.4,Kaali Khuhi
32,7094,1.8,Iqbal
32,3409,5.0,The Laundromat
32,6332,4.0,Bleed for This
32,5740,3.8,They Are Everywhere
32,5848,3.6,Special Correspondents
32,410,4.5,Chhota Bheem And The Broken Amulet
32,5460,2.1,Oh Darling Yeh Hai India
33,582,1.9,Mother's Day
33,1943,2.0,Jab We Met
33,8795,1.7,Yu-Gi-Oh! Arc-V
33,3882,5.0,KO One Return
33,8276,5.0,The Devil Inside
33,4595,4.0,Needhi Singh
33,8768,1.8,Y Tu Mamá También
33,2525,2.9,Parasyte: The Maxim
33,2917,1.3,Taj Mahal 1989
33,7460,3.6,Miracle
33,3448,3.9,Brother in Love
33,7491,1.9,Monster High: Escape from Skull Shores
33,1011,2.7,Free to Play
33,399,2.7,Masters of the Universe: Revelation
33,6696,2.1,End of Watch
33,80,4.0,Firedrake the Silver Dragon
33,5932,3.5,From One Second to the Next
33,7590,3.6,No Entry
33,5026,5.0,Best Lover
33,650,3.4,O Vendedor de Sonhos
34,6572,3.6,Days We Stared at the Sun
34,1112,4.5,Woody Woodpecker
34,6358,2.6,Bonnie and Clyde
34,5253,5.0,Long Shot
34,6820,3.7,Gabru: Hip Hop Revolution
34,3830,3.8,Merata: How Mum Decolonised the Screen
34,7642,3.7,Officer Downe
34,2567,3.0,Death Can Wait
34,3,3.2,Jailbirds New Orleans
34,8743,2.0,Wildlife
34,4082,4.4,The Photographer Of Mauthausen
34,7476,3.5,Mohawk
34,5915,4.7,Aziz Ansari Live at Madison Square Garden
34,3819,3.7,Jonaki
34,2249,3.5,The Epic Tales of Captain Underpants in Space
34,2180,3.2,Toradora!
34,4097,4.2,Awe
34,6133,3.1,American Anarchist
34,3321,2.5,LEGENDS OF THE HIDDEN TEMPLE
34,5833,4.1,Brahman Naman
35,1199,1.9,Savages
35,2382,4.2,The Darkness
35,8717,2.5,Westerplatte Resists
35,7846,4.7,Red Trees
35,441,3.8,Fear Street Part 3: 1666
35,8259,2.4,The Crow
35,7528,4.6,Murderous Affairs
35,1457,4.1,Jenni Rivera: Mariposa de Barrio
35,2050,3.1,Afonso Padilha: Classless
35,8487,3.1,The Riot Club
35,673,1.6,No Time for Shame
35,3643,2.5,The Great Hack
35,2676,2.6,Fauda
35,7916,2.7,Sadie's Last Days on Earth
35,8194,4.1,The Apostate
35,5608,2.9,White Nights
35,6851,1.4,Ghulam-E-Musthafa
35,2904,3.4,Miss Virginia
35,1209,4.3,Just In Time
35,2759,2.4,Tree House Tales
36,2870,2.8,Queen Sono
36,1287,3.5,Fate: The Winx Saga - The Afterparty
36,8386,5.0,The Last Hangover
36,5372,1.7,Ari Shaffir: Double Negative
36,6943,2.6,Haywire
36,602,1.0,The Karate Kid Part II
36,803,2.3,Ouran High School Host Club
36,5836,3.2,Marco Polo
36,6202,3.0,Azhar
36,4557,1.4,A Witches' Ball
36,7909,3.0,Russell Peters: Notorious
36,336,1.3,Friday Night Lights
36,2081,4.5,True: Friendship Day
36,3754,4.0,Yankee
36,4619,3.6,Hold the Dark
36,8333,3.8,The Great Raid
36,1296,3.4,"Hello, Me!"
36,5063,2.6,The Adventures of Puss in Boots
36,1839,5.0,La Révolution
36,3670,2.8,Cities of Last Things
37,5634,4.4,Stereo
37,6944,4.0,He Named Me Malala
37,8665,1.5,Urvi
37,1331,4.3,Five Came Back: The Reference Films
37,7101,3.0,마녀사냥
37,2026,3.9,Poshter Girl
37,767,2.8,Creator's File: GOLD
37,1342,4.0,Space Sweepers
37,1639,3.0,Heartbreak High
37,5206,2.9,W1A
37,6904,2.2,Hükümet Kadin
37,8290,3.1,The Evil Dead
37,4166,2.8,Black Earth Rising
37,3711,4.9,Daniel Sosa: Maleducado
37,2536,4.3,Rencor tatuado
37,4884,2.1,Jailbreak
37,7842,2.9,Rectify
37,1754,2.6,Forged in Fire
37,3376,3.0,My Next Guest with David Letterman and Shah Rukh Khan
37,1747,2.1,Prospect
38,4619,2.3,Hold the Dark
38,5123,4.3,Pottersville
38,5494,4.6,Kazoops!
38,8031,2.6,Skin Wars: Fresh Paint
38,2748,1.3,Well-Intended Love
38,3740,2.5,Pihu
38,51,3.4,InuYasha the Movie 2: The Castle Beyond the Looking Glass
38,5747,2.6,Berserk: The Golden Age Arc I - The Egg of the King
38,872,3.0,Sleight
38,362,2.7,The Lost Café
38,6795,3.4,Frasier
38,3247,2.5,Trolls: The Beat Goes On!
38,3653,3.9,Comedians in Cars Getting Coffee
38,3634,2.7,The Red Sea Diving Resort
38,8113,3.6,Suckseed
38,2468,2.8,Hannah Gadsby: Douglas
38,3685,4.1,Stranger Things
38,7830,4.3,Ramji Londonwaley
38,7849,3.3,Regatta
38,6923,4.2,Happyish
39,7058,1.9,Immoral Tales
39,8621,2.9,Tremors
39,3505,1.0,Inside Bill's Brain: Decoding Bill Gates
39,3251,3.5,Dorasaani
39,487,5.0,The Cook of Castamar
39,4148,2.5,Love Off the Cuff
39,2541,1.7,Ali & Alia
39,60,1.9,Naruto Shippuden: The Movie: The Lost Tower
39,894,5.0,Dance of the Forty One
39,585,1.6,Ophelia
39,3186,4.2,Tiffany Haddish: Black Mitzvah
39,2754,3.7,Greater
39,3371,3.1,Consequences
39,4678,2.9,Undercover Law
39,52,4.2,InuYasha the Movie 3: Swords of an Honorable Ruler
39,3907,5.0,HOMECOMING: A film by Beyoncé
39,4075,4.4,My Ex & Whys
39,7516,1.1,Mr. Church
39,6291,3.8,Beyblade: Metal Fusion
39,4636,3.1,American Vandal
40,6632,2.9,Don't Think Twice
40,4265,2.3,Single Ladies Senior
40,5236,3.2,Beyblade Burst
40,3678,2.9,Parchís: the Documentary
40,6201,4.3,Avicii: True Stories
40,1777,3.0,Kaali Khuhi
40,2991,3.1,Rise of Empires: Ottoman
40,4054,3.6,Cricket Fever: Mumbai Indians
40,5670,3.8,Ice Fantasy
40,7095,2.2,Irada Pakka
40,696,3.8,Black Summer
40,4454,3.0,Oye Lucky! Lucky Oye!
40,3785,3.8,"Oh, Ramona!"
40,2891,3.9,Gentefied
40,4498,3.5,Project S The Series
40,7066,3.2,Incorruptible
40,7286,2.6,Legion
40,8404,3.7,The Lord of the Rings: The Return of the King
40,3172,4.7,Spirit Riding Free: Spirit of Christmas
40,957,5.0,Pet Stars
41,825,4.5,Dirty John
41,2202,2.9,Banana Split
41,8744,3.5,Williams
41,6892,2.5,Grass
41,2471,3.4,Uncut Gems
41,551,2.4,Haseen Dillruba
41,2279,3.9,Michael
41,4788,3.9,Katt Williams: Kattpacalypse
41,848,4.7,Master of None
41,8415,1.8,The Matrix Reloaded
41,2043,3.5,Villain
41,1232,3.1,Dogwashers
41,2580,4.3,Hollywood
41,3075,4.1,Spinning Out
41,2663,4.5,Varane Avashyamund
41,3290,3.5,A Single Man
41,5084,2.5,The Polka King
41,4155,1.7,Up Among  The Stars
41,6397,1.3,Cabin Fever
41,620,4.2,Droppin' Cash: Los Angeles
42,7702,3.6,Papa the Great
42,311,4.0,Control Z
42,2517,5.0,Boys Over Flowers
42,6431,4.0,Cat on a Hot Tin Roof
42,4082,5.0,The Photographer Of Mauthausen
42,2191,2.2,Retablo
42,5394,1.0,Hans Teeuwen: Real Rancour
42,2621,1.8,Organize Isler
42,1478,3.2,Equinox
42,2224,3.0,Funan
42,7648,3.6,Oliver Stone's Untold History of the United States
42,3177,4.2,Triad Princess
42,827,1.6,One Lagos Night
42,2739,5.0,Pokémon the Series
42,7310,5.0,Listen Up! The Lives of Quincy Jones
42,5670,3.9,Ice Fantasy
42,7145,2.1,Judy Moody and the Not Bummer Summer
42,7664,2.4,One More Shot
42,6179,4.6,APEX: The Story of the Hypercar
42,7535,4.8,My Entire High School Sinking Into the Sea
43,1674,2.3,Bodyguard
43,7661,3.6,One Direction: This Is Us
43,3681,5.0,"River, el más grande siempre"
43,8068,3.9,Spider-Man: Into the Spider-Verse
43,3598,3.1,DC Super Hero Girls
43,7173,3.6,Kaviyude Osyath
43,4115,2.9,"Ken Jeong: You Complete Me, Ho"
43,1941,4.5,Ishq Vishk
43,319,2.6,The Prince Who Turns into a Frog
43,4687,3.2,Take My Brother Away
43,7765,3.4,Power Rangers Jungle Fury
43,7873,2.4,Rivaaz
43,1887,2.9,"Best Wishes, Warmest Regards: A Schitt's Creek Farewell"
43,6035,3.9,A Flying Jatt
43,622,2.0,Lying and Stealing
43,2537,2.4,The Delivery Boy
43,6385,4.4,Buddha
43,7084,1.8,Instructions Not Included
43,4581,2.5,Lock
43,32,4.3,Sex Education
44,3508,2.8,True: Tricky Treat Day
44,3307,3.8,The Lovers
44,3523,3.8,Tall Girl
44,5205,3.4,The Mist
44,7458,2.4,Minnaminugu the FireFly
44,5608,2.5,White Nights
44,3876,2.3,Angel 'N' Devil
44,2130,1.0,Nigerian Prince
44,149,1.1,I Got the Hook Up
44,7921,2.4,Saheb Bibi Golaam
44,1075,3.2,My Love: Six Stories of True Love
44,8717,1.2,Westerplatte Resists
44,2925,2.7,To All the Boys: P.S. I Still Love You
44,817,2.7,The Meddler
44,3885,3.8,Teen Aur Aadha
44,2774,3.8,7SEEDS
44,777,4.4,And Then Came Lola
44,5876,1.5,Marco Polo: One Hundred Eyes
44,5997,2.0,2015 Dream Concert
44,3076,4.6,The Bride of Habaek
45,2263,4.4,PNL - Dans la légende tour
45,4542,2.8,Monty Python Best Bits (mostly)
45,3339,3.2,"Love, Chunibyo & Other Delusions!"
45,762,3.5,Sweet & Sour
45,3975,1.8,Sei
45,7146,1.0,Jugaad
45,6589,2.5,Defying the Nazis: The Sharps' War
45,6391,3.0,Burlesque: Heart of the Glitter Tribe
45,4653,5.0,City of Joy
45,8136,2.3,Swami
45,627,2.8,The Daily Life of the Immortal King
45,610,2.4,Underworld
45,7817,2.7,Rachel Getting Married
45,7277,3.6,LeapFrog: Phonics Farm
45,2675,3.9,Fary : Hexagone
45,7367,5.0,Mad Max
45,3986,3.8,The OA
45,6749,5.0,Figures of Speech
45,7821,3.0,Rahasya
45,1372,2.4,June & Kopi
46,7832,3.7,Ranbhool
46,731,4.9,Love (ft. Marriage and Divorce)
46,8495,3.6,The Runner
46,5834,4.3,Kuromukuro
46,8666,2.5,Used Goods
46,7244,5.0,Kurt & Courtney
46,2075,3.4,"Take the Ball, Pass the Ball"
46,1090,3.5,Story of Kale: When Someone's in Love
46,4897,2.3,Pocoyo Special Sports
46,1532,2.5,Anitta: Made In Honório
46,8366,2.6,The Investigator: A British Crime Story
46,3631,1.8,Manu
46,4890,5.0,John Mulaney: Kid Gorgeous at Radio City
46,3340,3.6,Maid-Sama!
46,2070,4.8,Heidi
46,5684,2.2,Miss in Kiss
46,5889,2.4,Results
46,7273,3.5,Le serment des Hitler
46,338,5.0,Hunter X Hunter (2011)
46,2991,2.6,Rise of Empires: Ottoman
47,6600,2.9,Devil's Gate
47,6957,2.6,Hellboy
47,8620,3.3,Tree Man
47,7407,2.0,Maroon
47,1861,1.7,Dil
47,8233,3.7,The Bygone
47,2879,5.0,Gbomo Gbomo Express
47,8355,3.6,The Hurt Business
47,1439,2.1,History of Swear Words
47,435,2.7,Touch Your Heart
47,3442,4.7,The Spooky Tale of Captain Underpants Hack-a-ween
47,6525,4.7,Concrete Football
47,7710,1.0,Pasión de Gavilanes
47,1949,3.7,The Good Place
47,1762,4.6,Mile 22
47,2224,4.4,Funan
47,5366,2.0,World War II in Colour
47,6386,2.0,Buffalo Boys
47,6743,2.0,Fear and Loathing in Las Vegas
47,4500,5.0,The Night Comes for Us
48,1860,2.8,The Cabin with Bert Kreischer
48,7325,1.0,Lo que la vida me robó
48,3639,2.3,Girls With Balls
48,1384,3.1,Busted!
48,3843,3.5,Away From Home
48,2976,4.7,Unauthorized Living
48,4885,4.2,Ajji
48,3386,3.6,Dancing with the Birds
48,6832,3.0,Gemini
48,4520,2.2,Ordinary Heroes
48,8366,1.9,The Investigator: A British Crime Story
48,1749,2.8,Christmas Break-In
48,7231,4.2,Krish Trish and Baltiboy: Oversmartness Never Pays
48,2803,3.9,Lu Over the Wall
48,2939,1.7,Horse Girl
48,7373,4.8,Maddman: The Steve Madden Story
48,8806,2.6,Zubaan
48,8725,2.9,What's Up With Love?
48,3427,3.3,Bygones Be Bygones
48,6306,4.4,Big Kill
49,7180,1.8,Kevin Hart: Seriously Funny
49,7455,1.0,Mighty Morphin Alien Rangers
49,3476,2.1,The Squid and the Whale
49,2454,2.3,The Disaster Artist
49,175,1.9,The Blue Lagoon
49,1357,4.0,Rocks
49,800,1.9,Mosquita y Mari
49,180,2.9,The Nutty Professor II: The Klumps
49,5581,3.5,The Butterfly's Dream
49,2997,5.0,October Faction
49,849,2.2,Sam Smith: Love Goes - Live at Abbey Road Studios
49,7342,5.0,Lost Girl
49,7456,3.2,Milk
49,496,3.9,Brick Mansions
49,5119,5.0,"Hello, My Twenties!"
49,1099,1.8,The Fisherman's Diary
49,4180,4.1,Old Lord Savanna
49,6181,3.4,April and the Extraordinary World
49,5098,4.5,Pokémon: Indigo League
49,4323,2.6,Super Monsters and the Wish Star
50,4173,5.0,Just Love
50,5397,2.9,Learning Songs by Little Baby Bum: Nursery Rhyme Friends
50,7068,4.3,INDIA
50,2366,2.8,Alexandria: Again and Forever
50,688,3.5,Kambili: The Whole 30 Yards
50,1999,4.4,Hope Frozen: A Quest to Live Twice
50,8227,3.0,The Bridge
50,3949,3.7,Tango
50,1649,4.4,Great Pretender
50,1872,4.8,The Forty-Year-Old Version
50,998,4.7,Searching For Sheela
50,2628,4.2,The Last Kingdom
50,6454,3.8,Chauthi Koot
50,8153,1.8,Tattah
50,4942,1.4,Wakfu
50,6128,1.0,Always a Bridesmaid
50,888,4.6,The Upshaws - The Afterparty
50,7470,3.7,Miss Stevens
50,6847,1.6,Ghost Rider
50,2563,1.4,Luccas Neto em: Acampamento de Férias 2
51,8122,2.5,Super Bheem Bana Vajraveer
51,6587,4.4,Deep Water
51,5588,3.1,Jonas
51,7415,2.5,Marvel's Iron Man & Hulk: Heroes United
51,3227,5.0,The Irishman
51,4577,4.9,Khoobsurat
51,7066,5.0,Incorruptible
51,6545,3.0,Cutie and the Boxer
51,5253,2.5,Long Shot
51,2416,5.0,The Night Clerk
51,1098,2.8,Mandela
51,1081,4.1,"Nicky, Ricky, Dicky & Dawn"
51,8264,3.6,The Damned Rain
51,2488,2.2,Raya and Sakina
51,6261,2.5,Beary Tales
51,3207,2.2,Atlantics
51,5445,5.0,Flaked
51,4514,4.1,FIGHTWORLD
51,6651,4.6,"Drugs, Inc."
51,7396,3.8,Mango Dreams
52,2014,3.0,Wonho Chung: Live in New York
52,7561,5.0,National Bird
52,2200,4.9,Tread
52,8524,4.7,The Surrounding Game
52,2101,1.4,Baewatch: Parental Guidance
52,5861,2.8,Pee-wee's Big Holiday
52,6784,2.2,Forbidden Planet
52,8587,3.6,Thunderbolt
52,8655,2.5,Unaccompanied Minors
52,734,1.2,Lupin
52,6927,4.7,Harold & Kumar Escape from Guantanamo Bay
52,259,2.1,Pahuna
52,8783,2.4,Yoko
52,6961,1.7,Here Alone
52,7741,3.4,Pierre Jackson
52,6352,2.5,Bobby Sands: 66 Days
52,3264,4.6,Earthquake Bird
52,5130,2.9,Jaal
52,2572,3.8,Roped
52,2289,4.7,Special 26
53,3294,2.2,Greatest Events of WWII in Colour
53,6138,2.2,American Experience: Ruby Ridge
53,4504,3.7,Rake
53,1876,2.4,Palermo Hollywood
53,1654,2.8,Before 30
53,1389,3.0,Friendsgiving
53,4230,4.1,Bill Hicks: Reflections
53,5612,1.6,Hitler - A Career
53,2443,3.6,122
53,8453,1.3,The Physician
53,2090,2.2,Edge of Seventeen
53,7173,2.5,Kaviyude Osyath
53,4547,3.0,Monty Python: Live at The Hollywood Bowl
53,140,4.4,"El patrón, radiografía de un crimen"
53,4764,3.0,Luna Petunia: Return to Amazia
53,8552,4.6,The Water Diviner
53,7851,4.3,Reincarnated
53,7419,3.3,Masoom
53,7124,3.2,Jeremy Scott: The People's Designer
53,5845,4.2,72 Dangerous Places to Live
54,1039,4.2,Dark City Beneath the Beat
54,5935,3.3,The Square
54,606,1.2,The Queen
54,8219,3.3,The Bounty Hunter
54,537,2.7,Terrace House: Opening New Doors
54,6915,5.0,Hangman
54,1344,3.6,The Last Paradiso
54,7545,3.0,My Scientology Movie
54,2456,1.0,High Strung Free Dance
54,5830,3.4,Rebirth
54,113,4.7,Afterlife of the Party
54,5524,3.6,Tramps
54,1392,1.9,Daughter From Another Mother
54,3108,3.3,Private Practice
54,3043,4.3,A Ghost Story
54,7756,2.0,Portlandia
54,1636,3.5,Dance Dreams: Hot Chocolate Nutcracker
54,7952,2.3,Scales: Mermaids Are Real
54,2787,2.5,Archibald's Next Big Thing
54,1306,3.4,Good Girls
55,4288,2.0,Ashes of Love
55,2798,3.8,3022
55,3165,3.4,Astronomy Club: The Sketch Show
55,8315,4.3,The Furchester Hotel
55,4628,3.5,DRAGON PILOT: Hisone & Masotan
55,1678,1.0,Raman Raghav 2.0
55,662,3.8,Champions
55,2782,4.2,Tom Segura: Ball Hog
55,1274,4.1,Canine Intervention
55,3900,2.6,My Dear Boy
55,2346,3.0,"Roswell, New Mexico"
55,4517,2.4,The Curious Creations of Christine McConnell
55,6202,3.6,Azhar
55,7590,5.0,No Entry
55,5765,1.5,Chatô: The King of Brazil
55,7915,3.3,Sadece Sen
55,4147,3.6,Hantu Kak Limah
55,4088,5.0,Shonar Pahar
55,3014,2.2,Deadcon
55,1483,4.9,A Love So Beautiful
56,4776,3.6,Mossad 101
56,125,5.0,Q-Force
56,7723,4.0,Pekak
56,8257,2.3,The Cravings
56,5935,1.8,The Square
56,1681,4.3,The Princess Switch: Switched Again
56,8605,1.0,Top Grier
56,1323,3.9,Layla Majnun
56,4030,5.0,Disappearance
56,7191,1.9,Kickboxer: Retaliation
56,6957,4.8,Hellboy
56,189,5.0,Bread Barbershop
56,7459,1.6,Minute to Win It
56,6982,1.7,Hokkabaz
56,5427,3.8,What the Health
56,4064,4.6,The Last Runway
56,1916,2.9,Rize
56,114,3.4,Anjaam
56,4682,4.7,Chicken Soup for the Soul's Being Dad
56,3188,2.4,A Cinderella Story: Christmas Wish
57,7013,1.0,How the Grinch Stole Christmas
57,7687,4.4,P
57,5815,2.2,Jim Gaffigan: Beyond the Pale
57,8404,3.1,The Lord of the Rings: The Return of the King
57,3078,4.9,Albert Pinto Ko Gussa Kyun Aata Hai?
57,7461,2.6,Mirror Mirror
57,4345,4.1,Once a Gangster
57,4255,4.7,Life Ki Toh Lag Gayi
57,5980,3.0,1 Mile to You
57,2336,2.5,Thackeray (Hindi)
57,5809,5.0,XOXO
57,152,1.8,Janoskians: Untold and Untrue
57,5793,2.2,Cedric the Entertainer: Live from the Ville
57,1202,4.0,C/O Kaadhal
57,2636,3.8,The International Player
57,3744,3.1,Unit 42
57,5731,2.1,Love Me or Leave Me
57,1484,3.8,Cops and Robbers
57,7243,2.5,Kuppivala
57,0,3.3,Dick Johnson Is Dead
58,6825,5.0,Gangs of Hassepur
58,314,3.3,Heavy
58,3233,4.9,Pranaam
58,3495,2.5,Jeff Dunham: Beside Himself
58,3619,5.0,I'm Brent Morin
58,3789,2.8,Killer Ratings
58,1600,4.7,Chico Bon Bon and the Very Berry Holiday
58,1550,2.7,A California Christmas
58,5360,3.5,Surviving Escobar - Alias JJ
58,5221,5.0,West Coast Customs
58,1399,3.2,Radium Girls
58,4963,3.7,The Titan
58,3258,3.5,Candy Online
58,1465,3.2,The Haunted Hathaways
58,5213,3.2,Patton Oswalt: Annihilation
58,8584,2.9,Three
58,406,1.0,Chhota Bheem - Neeli Pahaadi
58,7794,2.3,Prince Charming
58,8285,2.3,The Dukes of Hazzard: The Beginning
58,8138,3.4,Sweeney Todd: The Demon Barber of Fleet Street
59,1378,3.1,Penguin Bloom
59,2649,2.1,This Earth of Mankind
59,23,4.9,Go! Go! Cory Carson: Chrissy Takes the Wheel
59,6156,3.2,An Innocent Mistake
59,2162,4.2,The Rain
59,1134,2.8,Starship Troopers: Traitor of Mars
59,6873,3.2,Gonul
59,1262,3.3,Ginny & Georgia - The Afterparty
59,5681,4.1,Mariah Carey's Merriest Christmas
59,1063,2.2,Living with Yourself
59,4294,3.3,The Theory of Everything
59,2860,3.2,Hugo
59,1803,4.0,Stolen Away
59,5554,3.6,Five Came Back
59,3855,2.2,The Writer
59,3044,2.3,"Live Twice, Love Once"
59,4974,4.4,Roxanne Roxanne
59,5127,2.5,Judd Apatow: The Return
59,6248,3.7,Basic Instinct
59,2910,2.1,Talking Tom and Friends
60,4617,4.2,Paradise Lost
60,2386,4.2,Wira
60,8752,3.8,Wish Man
60,7959,4.8,Scooby-Doo on Zombie Island
60,669,3.1,Locked Up
60,4353,2.6,Death by Magic
60,2513,4.1,Light in the Dark
60,228,1.8,The November Man
60,3745,1.8,Awake: The Million Dollar Game
60,387,3.9,Mimi
60,3212,2.0,La Reina del Sur
60,2589,4.0,Psycho
60,2320,2.5,BNA
60,6617,4.4,District 9
60,5857,2.4,Kung Fu Panda: Secrets of the Scroll
60,2059,3.5,Adrift
60,3958,4.3,Ultraman
60,2070,3.7,Heidi
60,3872,3.1,Knock Down The House
60,8089,1.7,Stephanie
61,7165,2.6,Kajraare
61,4379,3.1,Eternal Love
61,5501,1.8,He Even Has Your Eyes
61,2841,1.4,Mighty Little Bheem: Festival of Colors
61,1483,3.7,A Love So Beautiful
61,6504,2.4,Club Friday The Series 6
61,7107,2.3,Iverson
61,728,5.0,The Devil Below
61,6686,3.4,Elstree 1976
61,8287,1.9,The Eighties
61,5862,1.6,Netflix Presents: The Characters
61,2376,2.2,The Land
61,5451,3.3,Jackie: A Tale of Two Sisters
61,3981,3.2,Delhi Crime
61,7753,2.5,Playing Hard
61,2670,3.6,Hasmukh
61,5860,4.7,My Beautiful Broken Brain
61,765,2.4,Xtreme
61,7494,2.4,Monster High: Fright On!
61,981,2.5,G.O.R.A
62,295,2.0,The Paper Tigers
62,4956,2.8,Phir Bhi Dil Hai Hindustani
62,1728,3.5,The Endless Trench
62,1147,2.7,Not a Game
62,3317,3.0,Big Time Movie
62,2270,3.4,Chashme Baddoor
62,8639,3.7,Tukaram
62,2034,3.0,So Much Love to Give
62,3606,1.5,Bad Guys
62,7363,4.1,Ma Chu Ka
62,2579,1.6,Go! Go! Cory Carson: The Chrissy
62,4412,2.7,John Leguizamo's Latin History for Morons
62,6989,2.9,Homeland
62,5984,5.0,100% Hotter
62,2406,5.0,Lenox Hill
62,3819,3.6,Jonaki
62,2344,3.9,Nobody Knows I'm Here
62,4792,2.1,Chalte Chalte
62,6632,2.6,Don't Think Twice
62,7871,2.6,Rise of the Zombie
63,6442,2.5,Chandani: The Daughter of the Elephant Whisperer
63,7388,4.6,Mala Kahich Problem Nahi
63,2071,3.2,Puss in Boots
63,6940,3.6,Have You Seen the Listers?
63,1803,5.0,Stolen Away
63,8509,4.7,The Sinking Of Van Der Wijck
63,6551,4.2,Daddy Issues
63,3383,2.6,Echo in the Canyon
63,6969,1.0,Highway Thru Hell
63,4441,1.4,Heroine
63,4420,2.8,Aagey Se Right
63,7745,2.0,"Pizza, birra, faso"
63,738,2.7,Trese After Dark
63,4163,1.5,Z Nation
63,8093,3.3,Stoked
63,3995,4.1,Alexis Viera: A Story of Surviving
63,8137,5.0,Swami Baba Ramdev: The Untold Story
63,2315,3.3,The F**k-It List
63,8243,2.2,The Chefs' Line
63,4579,3.8,Kismat Konnection
64,4958,4.6,Revolt
64,4018,3.3,Barcelona: A Love Untold
64,5718,2.1,Mumbai Cha Raja
64,7291,3.0,Leo & Tig
64,5096,1.4,Fullmetal Alchemist: Brotherhood
64,3623,4.6,Enter the Anime
64,4045,3.4,The Hard Way
64,4215,2.0,See You in Time
64,4697,1.0,The Motive
64,4913,5.0,Trio and a Bed
64,557,3.0,Winchester
64,2341,3.3,Athlete A
64,7902,3.1,Run
64,333,4.1,Ferris Bueller's Day Off
64,4784,3.3,White Fang
64,8482,2.7,The Returned
64,5051,5.0,The Bros
64,1028,3.1,Dad Stop Embarrassing Me - The Afterparty
64,6595,3.1,Desolation
64,2885,1.6,When Love Happens
65,5429,1.5,Kanavu Variyam
65,2999,1.8,The Ghost Bride
65,4953,3.4,Metro
65,3256,3.1,Iliza Shlesinger: Unveiled
65,6050,4.9,A Noble Intention
65,3360,4.2,Tomorrow with You
65,5224,2.0,"El Especial de Alex Fernández, el Especial"
65,1472,1.6,Bobby Jasoos
65,4121,1.9,Kevin Hart's Guide to Black History
65,8619,2.7,Treasures from the Wreck of the Unbelievable
65,3973,3.7,Verses of Love
65,3664,2.2,Anohana: The Flower We Saw That Day
65,969,3.8,August: Osage County
65,4055,3.3,Larva Island
65,5544,1.8,Deuces
65,2955,3.2,The Silent War
65,3932,4.0,Sarvam Thaala Mayam (Telugu Version)
65,5487,1.9,Wild Oats
65,8063,3.5,Sparkle
65,3377,3.2,Nailed It! France
66,2234,5.0,Cold Feet
66,7831,3.5,Rampant
66,7912,1.5,S.W.A.T.
66,7047,1.2,"I, Daniel Blake"
66,6414,2.3,Can't Hardly Wait
66,1565,1.7,Just The Way You Are
66,1480,2.6,Still Game
66,2579,5.0,Go! Go! Cory Carson: The Chrissy
66,8736,3.5,Who's the One
66,153,4.9,Kid-E-Cats
66,276,2.7,Valeria
66,8397,3.1,The Lizzie Borden Chronicles
66,3120,3.2,Ultraviolet
66,2704,5.0,The Florida Project
66,3705,2.9,Instant Hotel
66,6073,5.0,Aarakshan
66,2235,2.3,Dark Desire
66,3346,5.0,The House of Flowers Presents: The Funeral
66,4892,3.1,Pocoyo & Cars
66,1465,4.1,The Haunted Hathaways
67,872,4.6,Sleight
67,5410,3.9,Yours Fatefully
67,1449,2.3,Dream Home Makeover
67,4698,5.0,To All the Boys I’ve Loved Before
67,4333,3.2,Blind Detective
67,209,2.5,Once Upon a Time in Mumbai Dobaara!
67,3385,3.0,"Breakfast, Lunch & Dinner"
67,6501,3.7,Cloud Atlas
67,2951,2.0,"Faith, Hope & Love"
67,6947,2.4,Head On
67,7043,2.7,I Am Wrath
67,4526,3.3,Pulang
67,5834,5.0,Kuromukuro
67,2649,3.6,This Earth of Mankind
67,3279,3.7,The Club
67,1046,1.4,Only Mine
67,4881,3.0,Manhunt
67,7668,4.0,Only the Dead
67,5022,3.1,반드시 잡는다
67,1719,4.0,We Are All For The Fatherland
68,2630,2.8,Bittersweet
68,2080,2.9,Thomas and Friends
68,2020,1.4,Dhh
68,2538,2.2,Wedy Atkalam
68,3412,4.1,Upstarts
68,5931,3.6,The Battered Bastards of Baseball
68,8304,4.0,The Flintstones
68,3649,2.9,The Twins Effect II
68,5834,1.9,Kuromukuro
68,340,1.7,Inception
68,79,3.3,Tughlaq Durbar (Telugu)
68,2169,4.3,Sam Jay: 3 In The Morning
68,2447,3.4,Dear My Friends
68,1977,1.6,Dolly Kitty Aur Woh Chamakte Sitare
68,5638,1.8,Very Big Shot
68,1980,2.6,The Blacklist
68,4741,3.8,Switched
68,1445,2.8,Asphalt Burning
68,1569,1.7,Masameer Classics
68,4121,2.0,Kevin Hart's Guide to Black History
69,5974,3.1,แผนร้ายนายเจ้าเล่ห์
69,7909,4.5,Russell Peters: Notorious
69,4894,2.8,Pocoyo Carnival
69,2401,3.5,The Woods
69,5149,1.0,Man Down
69,7543,1.0,My Only Mother
69,870,4.6,Amy Tan: Unintended Memoir
69,821,3.0,The Wedding Guest
69,3199,2.4,Space Jungle
69,8035,2.4,Skyline
69,2970,2.9,37 Seconds
69,8718,3.7,Westside vs. the World
69,4631,4.5,Rafinha Bastos: Ultimatum
69,4663,2.7,Quantico
69,2845,2.8,The Death of Mr. Lazarescu
69,8253,2.7,The Confirmation
69,7059,2.6,In Between
69,4320,4.1,Neo Yokio
69,5650,2.5,Star Trek: Deep Space Nine
69,3276,4.2,My MVP Valentine
70,2741,2.6,SETHUM AAYIRAM PON
70,971,4.8,Between Worlds
70,1193,3.9,Wave of Cinema: 90's Generation
70,1425,5.0,Creating The Queen's Gambit
70,6876,2.2,Good Kisser
70,8788,3.1,You Carry Me
70,377,2.5,Bartkowiak
70,1177,2.3,Hospital
70,4745,3.7,Da Kath & Kim Code
70,5330,3.3,Los Herederos
70,6576,3.6,Dead in a Week (Or Your Money Back)
70,6512,2.6,Coffee with D
70,6263,3.3,Beating Again
70,4888,1.3,Darc
70,8284,2.5,The Dukes of Hazzard
70,2212,3.2,Sing On! Spain
70,5445,4.4,Flaked
70,5398,3.7,Liar's Dice
70,8577,3.6,This Was Tomorrow
70,4079,2.7,Unsolved
71,6477,3.2,Christiane Amanpour: Sex & Love Around the World
71,3497,4.7,Under the Eiffel Tower
71,5133,2.7,Trolls Holiday Special
71,5249,5.0,Verónica
71,4301,3.0,Once in a Lifetime Sessions with Snow Patrol
71,7081,3.5,Inside the Mind of a Serial Killer
71,4151,2.4,Virsa
71,7221,5.0,Koko: The Gorilla Who Talks
71,382,4.4,All American
71,5757,3.3,13TH
71,4038,5.0,Sisterakas
71,4090,3.8,Z4
71,8754,3.2,Wolves
71,7307,2.2,Limmy's Show!
71,7820,2.9,Raging Bull
71,8182,1.7,The Adventures of Figaro Pho
71,3897,3.3,KO One
71,142,2.5,Freedom Writers
71,7320,5.0,Little Sister
71,4645,2.3,Life
72,5584,2.6,Nila
72,1518,3.7,Ma Rainey's Black Bottom: A Legacy Brought to Screen
72,5576,3.8,Jim Norton: Mouthful of Shame
72,8551,4.9,The War: A Film by Ken Burns and Lynn Novick
72,823,2.3,Then Came You
72,7147,2.2,Julie & Julia
72,5058,4.5,Holy Camp!
72,5126,2.7,Halt and Catch Fire
72,7389,2.8,Malicious
72,4266,2.4,7 Days Out
72,2962,2.5,Miraculous: Tales of Ladybug & Cat Noir
72,7095,1.9,Irada Pakka
72,8222,3.5,The Boy in the Striped Pajamas
72,6615,3.8,Discovering Bigfoot
72,5962,2.1,1920
72,197,3.9,I Heart Arlo
72,1395,3.5,Hello Ninja
72,3188,3.3,A Cinderella Story: Christmas Wish
72,2036,1.5,#Alive
72,7665,4.0,One Night Stand
73,3966,2.9,The Highwaymen
73,4651,2.3,Transformers Prime
73,3068,3.3,Pan's Labyrinth
73,8560,1.9,The Womanizer
73,5731,3.8,Love Me or Leave Me
73,4240,2.7,Sam Kinison: The Scream Continues
73,528,2.4,Rehmataan
73,285,3.8,The Railway Man
73,1314,1.6,Chappelle's Show
73,7039,4.4,I Am Me!
73,8707,2.9,"We, the Marines"
73,5746,3.2,A Mighty Team
73,6375,3.1,Breath
73,8532,2.1,The Time Traveler's Wife
73,7611,3.5,NOVA: Killer Hurricanes
73,3655,2.7,Typewriter
73,5804,3.9,Saudi Arabia Uncovered
73,7349,4.5,Love Rhythms - Accidental Daddy
73,7346,3.4,Love Ni Bhavai
73,4945,2.0,Ittefaq
74,8057,2.2,Sons of Ben
74,6424,1.3,Carriers
74,2002,2.5,Taco Chronicles
74,4320,4.1,Neo Yokio
74,4209,3.9,Next Enti?
74,751,4.2,Guru Aur Bhole
74,5655,2.0,Chasing Cameron
74,4906,3.0,Bobby Kennedy for President
74,2438,3.6,Sorry To Disturb
74,7868,4.8,Righteous Kill
74,502,1.6,Tango With Me
74,4339,2.5,Faraar
74,5816,2.9,Jim Gaffigan: King Baby
74,1459,4.5,Mean Girls 2
74,3006,3.9,Motichoor Chaknachoor
74,8301,3.3,The First Wives Club
74,2540,3.8,The Wrong Missy
74,2774,3.7,7SEEDS
74,8711,5.0,Weeds on Fire
74,243,5.0,Everything Will Be Fine
75,5104,5.0,The Climb
75,8337,1.0,The Hatred
75,5498,5.0,A Yellow Bird
75,8024,3.9,Single
75,4713,2.7,Baaghi
75,4305,3.0,Inside the Real Narcos
75,2288,2.0,Shaitan
75,3808,5.0,1994
75,7745,2.6,"Pizza, birra, faso"
75,1352,4.2,Tiffany Haddish Presents: They Ready
75,2533,4.6,Fan of Amoory
75,8286,4.4,The Eichmann Show
75,3705,2.2,Instant Hotel
75,1466,3.0,The Minimalists: Less Is Now
75,4804,1.8,Somewhere Between
75,2292,2.7,Little Singham
75,6414,1.1,Can't Hardly Wait
75,6638,4.8,Down The Fence
75,6496,2.2,Cleopatra Jones
75,3480,5.0,TUNA GIRL
76,5030,3.8,Hitler's Circle of Evil
76,2999,3.9,The Ghost Bride
76,1283,4.6,The Conjuring
76,8163,2.5,Temporada de Caza
76,1252,3.0,How to Be Really Bad
76,8436,2.8,The Negro Soldier
76,518,3.6,Har Kisse Ke Hisse: Kaamyaab
76,2970,4.8,37 Seconds
76,6333,2.9,Blinky Bill: The Movie
76,1025,4.5,Bakugan: Geogan Rising
76,2494,2.4,Ben Platt Live from Radio City Music Hall
76,6633,1.2,Donnie Brasco
76,8227,3.3,The Bridge
76,2375,3.1,The Blazing Sun
76,2036,4.5,#Alive
76,4516,2.9,ReMastered: Who Shot the Sheriff
76,7317,2.5,Little Singham aur Kaal ka Mahajaal
76,6431,2.7,Cat on a Hot Tin Roof
76,8665,2.7,Urvi
76,7862,1.5,Revenge
77,6713,5.0,Everybody Knows
77,5666,3.6,Eddie - Strongman
77,3266,5.0,GO! The Unforgettable Party
77,4364,3.4,My Little Pony Friendship Is Magic: Best Gift Ever
77,5630,5.0,Take the 10
77,2729,4.8,Kaal
77,4761,2.0,Father of the Year
77,5059,2.3,A Futile and Stupid Gesture
77,7219,2.7,Know Your Enemy - Japan
77,5386,1.1,The Legend of Bruce Lee
77,5080,3.4,Pyar Ke Do Pal
77,5588,4.8,Jonas
77,3195,3.2,Jindua
77,53,3.0,InuYasha the Movie 4: Fire on the Mystic Island
77,5092,1.5,Devilman Crybaby
77,7391,4.3,Man Up
77,7453,5.0,Midnight Misadventures With Mallika Dua
77,2611,4.1,Tjovitjo
77,1701,1.9,American Horror Story
77,1319,2.1,Xico's Journey
78,3667,4.1,3Below: Tales of Arcadia
78,4914,3.0,海的儿子
78,5754,4.5,Sky Ladder: The Art of Cai Guo-Qiang
78,5726,3.4,A Grand Night In: The Story of Aardman
78,7134,1.9,Joe Cocker: Mad Dog with Soul
78,1781,2.7,Somebody Feed Phil
78,7337,2.6,Lorai: Play to Live
78,7360,4.9,Lucky: No Time for Love
78,7826,3.9,Ralph Breaks the Internet: Wreck-It Ralph 2
78,879,4.2,Halston
78,691,3.9,So Not Worth It
78,4531,3.2,LOST SONG
78,2809,3.5,Search Party
78,2841,3.0,Mighty Little Bheem: Festival of Colors
78,7843,1.0,Red Christmas
78,3712,3.8,Hikaru Utada Laughter in the Dark Tour 2018
78,2567,2.7,Death Can Wait
78,999,5.0,Stowaway
78,2466,2.7,Mako Mermaids: An H2O Adventure
78,7563,1.7,National Parks Adventure
79,4099,1.9,Behind the Curve
79,4294,2.4,The Theory of Everything
79,7918,2.8,Sadqay Tumhare
79,7515,2.7,Movie 43
79,1581,4.5,Super Monsters: Santa’s Super Monster Helpers
79,2510,3.3,The Beach Loafer
79,1619,4.2,Oddbods
79,2542,2.7,True: Terrific Tales
79,1265,5.0,The Girl on the Train
79,1365,4.5,Zig & Sharko
79,2967,2.0,Shopkins
79,7209,3.5,Kingdoms of the Sky
79,3837,2.6,Jailbirds
79,657,2.9,The Mole
79,1092,3.7,Dolly Parton: A MusiCares Tribute
79,1761,2.9,Little Monsters
79,2869,1.0,Amit Tandon: Family Tandoncies
79,4637,5.0,Boca Juniors Confidential
79,4988,4.0,Children of the Whales
79,3231,3.8,True: Winter Wishes
80,6731,4.2,Fairy Tail
80,430,3.3,Sexy Beasts
80,5619,5.0,Heroes Wanted
80,2178,3.6,The Next Step
80,3353,1.9,Zoé: Panoramas
80,5629,1.6,Pink
80,4248,2.2,Todd Glass: Stand-Up Special
80,7653,1.0,Onaatah
80,1649,2.9,Great Pretender
80,5293,3.1,Berserk: The Golden Age Arc III - The Advent
80,1454,3.3,Good Hair
80,2248,3.5,The Claudia Kishi Club
80,1618,4.9,Octonauts
80,7583,3.5,Night Comes On
80,6822,3.1,Galavant
80,1223,4.6,Dealer
80,7731,3.9,Peter and the Farm
80,7334,4.9,Long Time Running
80,1242,3.6,Murder Among the Mormons
80,6707,4.3,Ethirmarai
81,8096,3.6,Stop at Nothing: The Lance Armstrong Story
81,1329,4.6,The Misadventures of Hedi and Cokeman
81,4920,3.5,Dude
81,7924,3.6,Salem: His Sister's Father
81,1515,3.0,Guest House
81,597,4.8,Talladega Nights: The Ballad of Ricky Bobby
81,6455,5.0,Cheapest Weddings
81,6915,2.6,Hangman
81,3051,4.0,Aruna & Her Palate
81,2408,2.0,My Mister
81,8517,1.9,The Stanford Prison Experiment
81,6859,4.7,God Knows Where I Am
81,544,4.3,Workin' Moms
81,94,3.9,Show Dogs
81,4365,1.1,Frontier
81,3812,3.3,It's Bruno!
81,573,2.9,Kung Fu Panda
81,6371,3.7,Brave Miss World
81,3431,2.1,The Bling Lagosians
81,2224,4.6,Funan
82,8577,3.6,This Was Tomorrow
82,1969,3.3,Road To High & Low
82,6046,4.4,A Most Violent Year
82,2939,5.0,Horse Girl
82,682,4.6,Why Are You Like This
82,6516,4.6,Colonia
82,5004,2.8,21 Thunder
82,8129,4.3,SuperNature: Wild Flyers
82,411,1.1,Chhota Bheem And The Crown of Valhalla
82,1600,5.0,Chico Bon Bon and the Very Berry Holiday
82,5073,4.5,The Open House
82,4330,2.4,Accident
82,2310,4.5,David Foster: Off the Record
82,6344,2.6,Blue Valentine
82,439,4.4,Deep
82,1351,1.8,"Our Lady of San Juan, Four Centuries of Miracles"
82,8173,2.7,Thackeray
82,8564,3.4,The World Is Not Enough
82,7694,4.5,Pahuyut Fighting Beat
82,4376,3.3,The Final Table
83,9,5.0,The Starling
83,6691,3.9,Empire of Scents
83,6562,1.2,Dante's Peak
83,205,1.0,Kyo Kii... Main Jhuth Nahin Bolta
83,1489,5.0,Regiment Diaries
83,2180,3.7,Toradora!
83,3181,3.3,The Irishman: In Conversation
83,1933,4.0,Wentworth
83,3256,2.4,Iliza Shlesinger: Unveiled
83,6854,2.6,Ginger & Rosa
83,5354,3.4,Life Plan A and B
83,7286,1.5,Legion
83,4770,3.9,Going for Gold
83,3625,2.4,No One Will Ever Know
83,761,3.0,Human: The World Within
83,913,5.0,Time to Dance
83,5103,4.2,La Mante
83,3332,2.0,Christmas Survival
83,579,3.2,Midnight Run
83,4378,1.5,The Pixar Story
84,6977,4.9,Hitch
84,2601,1.9,Rich in Love
84,6645,3.2,Dragonkala Ka Rahasya
84,919,2.8,The Sons of Sam: A Descent into Darkness
84,5801,4.0,Conspiracy
84,3145,4.7,Rock On!!
84,6601,2.1,Devlok with Devdutt Pattanaik
84,1273,1.7,"Blue, Painful, Fragile"
84,6127,4.6,AlphaGo
84,3434,3.5,The Influence
84,1506,4.0,Shaun the Sheep
84,6389,1.3,"Bure Kaam Bura Natija, Kyun Bhai Chacha Haan Bhatija"
84,3696,1.0,Record of Grancrest War
84,2921,3.1,Narcos: Mexico
84,8216,3.7,The Bomb Squad
84,3865,2.9,Jo Pil-ho: The Dawning Rage
84,2161,4.0,Nasha Natasha
84,5233,5.0,The Death and Life of Marsha P. Johnson
84,371,1.9,Pomegranates and Myrrh
84,7898,4.0,Rukh
85,1637,3.6,Don’t Listen
85,3624,5.0,No Good Nick
85,2665,4.1,The King: Eternal Monarch
85,5865,3.2,Marvel Super Hero Adventures: Frost Fight!
85,382,2.9,All American
85,7198,2.0,Kill Bill: Vol. 2
85,5927,1.4,Wyatt Cenac: Brooklyn
85,1061,4.4,Jeffrey Epstein: Filthy Rich
85,8034,2.1,Skydancers
85,7158,2.3,Kaabil
85,8212,3.0,The Blackcoat's Daughter
85,7639,1.9,Ocean's Twelve
85,8077,4.1,Spy Time
85,7909,1.0,Russell Peters: Notorious
85,5699,2.9,Back to 1989
85,2062,3.5,Blue Exorcist
85,7628,3.4,Nurse Jackie
85,5000,2.8,Flint Town
85,4417,5.0,The Holiday Calendar
85,2340,3.6,Vivah
86,2271,3.2,Dharam Sankat Mein
86,3125,4.7,The Danish Girl
86,6519,4.9,Comedy Bang! Bang!
86,5371,4.4,Aditi Mittal: Things They Wouldn't Let Me Say
86,5319,1.4,Lynne Koplitz: Hormonal Beast
86,6054,4.7,A Russell Peters Christmas
86,3580,2.5,Invader Zim: Enter the Florpus
86,6411,4.2,Camp X
86,3173,3.9,Teasing Master Takagi-san
86,5642,2.1,Coin Heist
86,3121,1.4,Don't F**k with Cats: Hunting an Internet Killer
86,787,4.7,Cradle 2 the Grave
86,4158,2.8,Nathicharami
86,4611,3.3,Vettai
86,5145,3.0,Padamu Aku Bersujud
86,4538,4.7,Truth or Dare
86,4426,3.6,Barfi!
86,440,2.5,Explained
86,4638,2.7,Ingobernable
86,2295,1.6,Hunter in the Blue Side of Manchester
87,7163,4.7,Kacche Dhaagey
87,5065,3.2,Prison Playbook
87,1017,3.5,Dhobi Ghat (Mumbai Diaries)
87,2316,4.0,The Silence of Others
87,1493,3.5,Isa Pa with Feelings
87,414,2.2,Chhota Bheem Aur Hanuman
87,5429,4.3,Kanavu Variyam
87,6136,3.4,American Circumcision
87,1379,3.6,Black Rose
87,1877,3.5,Private Lives
87,2109,4.0,John Was Trying to Contact Aliens
87,7191,4.4,Kickboxer: Retaliation
87,4280,3.9,Imperfect
87,2996,2.9,Alex Fernández: The Best Comedian in the World
87,7765,1.0,Power Rangers Jungle Fury
87,6767,3.1,Flash of Genius
87,2084,4.3,All Together Now
87,5307,4.1,Resurface
87,4009,1.0,Jeff Dunham: Minding the Monsters
87,7530,2.2,Mutiny on the Bounty
88,5516,2.2,Shepherds and Butchers
88,7967,3.0,Secret
88,3139,1.9,Honeymoon Travels Pvt. Ltd.
88,2524,2.2,Magic for Humans
88,4375,4.6,Target
88,2941,3.0,Locke & Key
88,3235,3.2,Shot Caller
88,3444,2.6,Legend Quest: Masters of Myth
88,2085,2.0,I AM A KILLER: RELEASED
88,7331,4.0,LoliRock
88,7232,3.1,Krish Trish and Baltiboy: Part II
88,1785,4.7,Holidate
88,6962,2.6,Hero
88,2210,4.6,Offering to the Storm
88,5064,2.0,Acts of Vengeance
88,5152,2.6,Cuba and the Cameraman
88,4867,3.7,Evil Genius
88,7504,2.3,Monty Don's French Gardens
88,4237,2.8,Sam Kinison: Breaking the Rules
88,2882,1.9,The Arbitration
89,6638,3.2,Down The Fence
89,8036,3.7,Sleeping with Other People
89,7060,1.8,In Search of Fellini
89,6620,2.2,Dog Eat Dog
89,8480,3.0,The Rehearsal
89,3380,2.2,The Awakening of Motti Wolkenbruch
89,7110,4.7,Jack and the Cuckoo-Clock Heart
89,7303,5.0,Lifeline
89,3822,1.5,Hamid
89,2935,1.8,Thottappan
89,4982,3.6,In This Corner of the World
89,4413,3.2,Kopitiam
89,3775,4.6,Cosmos Laundromat: First Cycle
89,7716,4.4,Paul Blart: Mall Cop
89,8110,2.7,Stuart Little 2
89,621,3.6,Legend of Exorcism
89,5287,5.0,The Vampire Diaries
89,2708,3.0,El Reemplazante
89,7839,3.0,Rebel Without a Cause
89,6304,3.0,"Big Dreams, Small Spaces"
90,7514,1.5,Mountain
90,6614,5.0,Disciples Of The 36th Chamber
90,3396,3.6,ChuChuTV Surprise Eggs Learning Videos (English)
90,6603,2.3,Dexter
90,5931,2.7,The Battered Bastards of Baseball
90,8243,3.7,The Chefs' Line
90,1752,2.2,Elf Pets: Santa’s Reindeer Rescue
90,8516,3.5,The Spy Who Fell to Earth
90,3784,2.0,March Comes in Like a Lion
90,8414,3.0,The Matrix
90,155,1.9,Labyrinth
90,1036,5.0,Time Trap
90,8750,3.2,Winter's Bone
90,5347,4.4,Bountiful Blessings
90,2455,2.9,The Stolen
90,719,4.2,Power Rangers Dino Fury
90,3082,3.3,Occupied
90,118,2.6,Gurgaon
90,6048,2.5,A new Capitalism
90,8534,2.9,The Tribes of Palos Verdes
91,2829,5.0,Marc Maron: End Times Fun
91,6109,4.1,Albion: The Enchanted Stallion
91,8045,2.7,SMOSH: The Movie
91,638,4.6,Sex/Life
91,3207,4.0,Atlantics
91,3860,2.0,Crime Diaries: Night Out
91,5966,4.8,15-Aug
91,7228,3.9,Krish Trish and Baltiboy: Best Friends Forever
91,3085,2.3,Robot Trains
91,1611,3.8,Are You The One
91,45,4.1,My Heroes Were Cowboys
91,986,3.5,Kocan Kadar Konus 2: Dirilis
91,1408,3.5,The Magicians
91,1519,2.5,Mukhsin
91,1067,3.1,The Underclass
91,8783,2.7,Yoko
91,2658,1.9,Bleach
91,2020,3.7,Dhh
91,3430,4.1,Insatiable
91,3054,2.0,Breaking the Bank
92,3522,2.2,Shanghai Fortress
92,842,2.8,High on the Hog: How African American Cuisine Transformed America
92,2939,1.2,Horse Girl
92,4935,3.9,Amateur
92,4226,3.9,The Paper
92,2161,1.5,Nasha Natasha
92,7659,5.0,Once Upon a Time in the West
92,7307,2.7,Limmy's Show!
92,7478,2.7,Mokalik (Mechanic)
92,7160,4.4,Kaalia
92,8186,2.1,The Age of Shadows
92,1181,3.5,Country Comfort
92,1243,2.1,Black or White
92,3409,2.0,The Laundromat
92,437,4.2,Cosmic Sin
92,2190,2.9,The Umbrella Academy
92,5756,2.1,Justin Timberlake + the Tennessee Kids
92,6834,5.0,Genius of the Ancient World
92,8564,1.8,The World Is Not Enough
92,3527,4.6,"The Mind, Explained"
93,3789,1.8,Killer Ratings
93,3972,2.9,Danur: I Can See Ghosts
93,223,2.1,John of God: The Crimes of a Spiritual Healer
93,836,3.2,Ghost Lab
93,6945,2.5,He's Out There
93,6663,5.0,Easy Fortune Happy Life
93,8523,4.1,The Super Mario Bros. Super Show!
93,3163,3.1,Saaho
93,8634,4.6,Troy: The Odyssey
93,2023,4.0,Kaagar
93,1771,3.0,Afronta! Facing It!
93,5262,3.2,Terrace House: Aloha State
93,1311,4.4,Namaste Wahala
93,4621,3.8,Made in Mexico
93,8598,2.9,"To Wong Foo, Thanks for Everything! Julie Newmar"
93,718,1.4,Life of Crime
93,2864,3.8,Velvet Colección: Grand Finale
93,7369,1.3,Mad Money
93,1692,1.8,America's Next Top Model
93,6830,3.1,Gehenna: Where Death Lives
94,3680,4.3,Free Rein
94,7609,5.0,NOVA: Holocaust Escape Tunnel
94,450,2.0,The Twilight Saga: New Moon
94,6283,4.0,Benji: Off the Leash
94,7500,1.1,"Monster High: Scaris, City of Frights"
94,1276,2.2,M8 - When Death Rescues Life
94,1469,4.0,What's Eating Gilbert Grape
94,2930,5.0,Love for Sale 2
94,3249,3.6,Bangkok Buddies
94,1226,4.4,The Houseboat
94,717,4.1,Headspace: Unwind Your Mind
94,6189,5.0,Assimilate
94,2940,4.2,Jada
94,8096,2.7,Stop at Nothing: The Lance Armstrong Story
94,8519,2.1,The Story of Us with Morgan Freeman
94,7814,3.0,R.L. Stine's Mostly Ghostly
94,2868,3.9,Always a Witch
94,3156,4.7,Zero Hour
94,5393,4.3,Breakout
94,555,3.8,Snowpiercer
95,4762,3.8,Home: Adventures with Tip & Oh
95,5129,5.0,El Camino Christmas
95,6592,1.0,Den of Thieves
95,5942,2.8,A Stoning in Fulham County
95,1409,4.3,The Vanished
95,7113,4.8,Jackie Brown
95,3941,2.5,Rimba Racer
95,427,4.6,Wannabe Courageous
95,7419,1.9,Masoom
95,3404,1.4,MONKART
95,5805,2.1,The Fierce Wife
95,1522,4.6,Talentime
95,380,1.0,The Flash
95,7964,3.9,Searching for Bobby Fischer
95,2720,4.0,Dostana
95,917,2.6,Framing John DeLorean
95,2331,2.9,Home Game
95,8759,2.6,World's Weirdest Homes
95,3561,2.1,13 Reasons Why: Beyond the Reasons
95,2863,4.7,There Will Be Blood
96,1760,5.0,LEGO: CITY Adventures
96,6668,3.2,Ek Cup Chya
96,5181,3.9,The Journey Is the Destination
96,8413,1.0,The Mask of Zorro
96,3247,4.4,Trolls: The Beat Goes On!
96,3100,4.2,Jarhead: Law of Return
96,3879,2.7,Ingress: The Animation
96,727,5.0,Picture a Scientist
96,5103,5.0,La Mante
96,8043,4.9,Smart People
96,165,1.6,Oldsters
96,7203,3.2,Killer Klowns from Outer Space
96,6160,3.2,Anchor and Hope
96,8617,2.7,Trash
96,8474,4.2,The Rap Game
96,3986,3.7,The OA
96,5193,4.7,The Little Nyonya
96,8163,2.7,Temporada de Caza
96,190,3.8,Thimmarusu
96,74,3.8,The World's Most Amazing Vacation Rentals
97,3520,4.8,Locked on You
97,7212,1.7,Kis Kisko Pyaar Karoon
97,4340,4.5,Haunted House
97,5917,1.3,Ralphie May: Unruly
97,1790,4.7,Blood of Zeus
97,958,5.0,Seven
97,6871,3.6,Gomorrah
97,4187,3.7,Adhugo
97,2005,1.7,Lara and the Beat
97,3933,1.0,Petta (Telugu Version)
97,5229,1.8,Bomb Scared
97,3897,4.3,KO One
97,6056,2.3,A Separation
97,3671,1.0,Extreme Engagement
97,7494,3.7,Monster High: Fright On!
97,7320,3.1,Little Sister
97,2619,5.0,Lembi 8 Giga
97,1720,1.0,What We Wanted
97,4029,4.6,Bangkok Love Stories: Hey You!
97,5303,2.8,Manoranjan
98,7297,1.7,License to Drill: Louisiana
98,7700,1.5,Palm Trees in the Snow
98,4986,1.3,The Art of Loving
98,3050,4.7,Thieves of the Wood
98,297,4.6,Navarasa
98,8416,4.3,The Matrix Revolutions
98,883,3.3,"Love, Death & Robots"
98,8729,3.7,Where the Money Is
98,8755,2.9,Women Behind Bars
98,5955,2.8,Splatter
98,8780,2.1,Yo-Kai Watch
98,7605,3.6,NOVA: Decoding the Weather Machine
98,5011,1.6,Schubert In Love
98,622,3.1,Lying and Stealing
98,1171,3.7,Seaspiracy
98,1624,1.9,The Da Vinci Code
98,204,1.8,Kyaa Super Kool Hain Hum
98,545,3.3,YooHoo to the Rescue
98,8305,1.4,The Flintstones in Viva Rock Vegas
98,3444,4.9,Legend Quest: Masters of Myth
99,4311,3.5,Voltron: Legendary Defender
99,7004,5.0,Hot Property
99,871,4.5,Sardar Ka Grandson
99,5977,2.9,Æon Flux
99,3773,2.9,A Silent Voice
99,5109,4.2,Part-Time Idol
99,5218,1.0,Belief: The Possession of Janet Moses
99,8650,3.5,Tyke Elephant Outlaw
99,3931,1.9,You vs. Wild
99,1426,1.0,Gangaajal
99,7575,2.3,Nazi Concentration Camps
99,5595,4.1,Boy Missing
99,5392,3.5,Barbie Life in the Dreamhouse
99,531,1.7,Rise: Ini Kalilah
99,2580,4.3,Hollywood
99,807,4.1,Seven Souls in the Skull Castle: Season Moon Kagen
99,8496,3.9,The Salvation
99,8671,3.0,Veerappan
99,3737,3.3,Kill la Kill
99,5302,2.9,Little Evil
100,5106,4.4,Bibi & Tina: Tohuwabohu Total
100,1987,2.9,Residue
100,4479,2.0,Great News
100,7504,2.3,Monty Don's French Gardens
100,4712,4.3,2 States
100,5684,4.6,Miss in Kiss
100,7382,1.0,Maharakshak: Aryan
100,6700,2.3,Entanglement
100,6483,3.1,Chuck Chicken
100,7747,3.8,Planet Earth II
100,2212,4.2,Sing On! Spain
100,1305,4.2,Awara Paagal Deewana
100,3725,3.0,Shooter
100,5350,5.0,Fartsa
100,1760,3.1,LEGO: CITY Adventures
100,6529,3.6,Consequences 
100,3246,3.2,The Dragon Prince
100,8274,1.6,The Detained
100,181,3.3,Turning Point: 9/11 and the War on Terror
100,3536,4.3,Saawan
